<?xml version="1.0" encoding="UTF-8"?>
<!-- (C) 2001-2012 Echelon Corporation -->
<StdXcvr>
    <Contents MajorVersion="7" MinorVersion="35" CreationDate="1228402800" Format="1" Content="34">
        <FileDescription>Standard Transceivers file</FileDescription>
        <History Content="33">Fixed comm_rate for DC-2500/SECD. Should be -1, as data here is 10MHz centric.</History>
        <History Content="34">Fixed signal strength indicator attribute for PL-20N [67490]</History>
        <History Content="35">Added MFT-10, PL-70, PL-70J</History>
        <History Content="36">Added RF-15-4 and IP-70; Renamed MFT-1000</History>
    </Contents>
    <Transceivers>
        <Transceiver LonMarkApproved="TRUE" Name="TP/XF-1250" UsesNeuronComPort="TRUE" SupportAlternateClockRates="FALSE" SignalStrengthIndicator="FALSE">
            <std_id>1</std_id>
            <support_level>1</support_level>
            <ChannelTypeNumber>3</ChannelTypeNumber>
            <std_xcvr_id>3</std_xcvr_id>
            <estimatedTransactionTime>4</estimatedTransactionTime>
            <defaultRetryCount>3</defaultRetryCount>
            <usesAlternatePath>false</usesAlternatePath>
            <Timing>
                <rcv_start_delay>140</rcv_start_delay>
                <rcv_end_delay>0</rcv_end_delay>
                <indeterm_time>250</indeterm_time>
                <min_interpkt>0</min_interpkt>
                <preamble>10</preamble>
                <turnaround>0</turnaround>
                <missed_pream>40</missed_pream>
                <packet_qual>70</packet_qual>
            </Timing>
            <Channel>
                <comm_mode>1</comm_mode>
                <osc_accuracy>200</osc_accuracy>
                <osc_wakeup>0</osc_wakeup>
                <comm_rate>0</comm_rate>
                <max_priority>16</max_priority>
                <default_priority_slots>16</default_priority_slots>
                <min_clockID>5</min_clockID>
                <max_clockID>32767</max_clockID>
                <avg_pkt_size>15</avg_pkt_size>
                <flags>0x2</flags>
            </Channel>
            <ModeSpec>
                <chan_bit_rate>1250000</chan_bit_rate>
                <alt_rate_tag>0</alt_rate_tag>
                <xcvr_cntrls_pream>0</xcvr_cntrls_pream>
                <wakeup_pin_dir>0</wakeup_pin_dir>
                <xcvr_gp_data>0x60000000000000</xcvr_gp_data>
                <allow_node_override>0</allow_node_override>
                <standard_threshold>"TRUE"</standard_threshold>
            </ModeSpec>
            <std_xcvr_data>
                <std_xcvr_clock_id>5</std_xcvr_clock_id>
                <std_xcvr_raw_comm_parms>05AC0104000000001060040000000000</std_xcvr_raw_comm_parms>
            </std_xcvr_data>
        </Transceiver>
        <Transceiver LonMarkApproved="TRUE" Name="TP/XF-78" UsesNeuronComPort="TRUE" SupportAlternateClockRates="FALSE" SignalStrengthIndicator="FALSE">
            <std_id>2</std_id>
            <support_level>1</support_level>
            <ChannelTypeNumber>1</ChannelTypeNumber>
            <std_xcvr_id>1</std_xcvr_id>
            <estimatedTransactionTime>10</estimatedTransactionTime>
            <defaultRetryCount>3</defaultRetryCount>
            <usesAlternatePath>false</usesAlternatePath>
            <Timing>
                <rcv_start_delay>29</rcv_start_delay>
                <rcv_end_delay>0</rcv_end_delay>
                <indeterm_time>240</indeterm_time>
                <min_interpkt>0</min_interpkt>
                <preamble>10</preamble>
                <turnaround>0</turnaround>
                <missed_pream>10</missed_pream>
                <packet_qual>50</packet_qual>
            </Timing>
            <Channel>
                <comm_mode>1</comm_mode>
                <osc_accuracy>200</osc_accuracy>
                <osc_wakeup>0</osc_wakeup>
                <comm_rate>4</comm_rate>
                <max_priority>4</max_priority>
                <default_priority_slots>4</default_priority_slots>
                <min_clockID>4</min_clockID>
                <max_clockID>32767</max_clockID>
                <avg_pkt_size>15</avg_pkt_size>
                <flags>0x2</flags>
            </Channel>
            <ModeSpec>
                <chan_bit_rate>78125</chan_bit_rate>
                <alt_rate_tag>0</alt_rate_tag>
                <xcvr_cntrls_pream>0</xcvr_cntrls_pream>
                <wakeup_pin_dir>0</wakeup_pin_dir>
                <xcvr_gp_data>0x2A000000000000</xcvr_gp_data>
                <allow_node_override>0</allow_node_override>
                <standard_threshold>"TRUE"</standard_threshold>
            </ModeSpec>
            <std_xcvr_data>
                <std_xcvr_clock_id>5</std_xcvr_clock_id>
                <std_xcvr_raw_comm_parms>25AC0704040E0F00042AA40000000000</std_xcvr_raw_comm_parms>
            </std_xcvr_data>
        </Transceiver>
        <Transceiver LonMarkApproved="TRUE" Name="TP/RS485-39" UsesNeuronComPort="TRUE" SupportAlternateClockRates="FALSE" SignalStrengthIndicator="FALSE">
            <std_id>3</std_id>
            <support_level>1</support_level>
            <ChannelTypeNumber>5</ChannelTypeNumber>
            <std_xcvr_id>5</std_xcvr_id>
            <estimatedTransactionTime>16</estimatedTransactionTime>
            <defaultRetryCount>3</defaultRetryCount>
            <usesAlternatePath>false</usesAlternatePath>
            <Timing>
                <rcv_start_delay>20</rcv_start_delay>
                <rcv_end_delay>0</rcv_end_delay>
                <indeterm_time>40</indeterm_time>
                <min_interpkt>0</min_interpkt>
                <preamble>10</preamble>
                <turnaround>0</turnaround>
                <missed_pream>10</missed_pream>
                <packet_qual>40</packet_qual>
            </Timing>
            <Channel>
                <comm_mode>0</comm_mode>
                <osc_accuracy>200</osc_accuracy>
                <osc_wakeup>0</osc_wakeup>
                <comm_rate>5</comm_rate>
                <max_priority>4</max_priority>
                <default_priority_slots>4</default_priority_slots>
                <min_clockID>4</min_clockID>
                <max_clockID>32767</max_clockID>
                <avg_pkt_size>15</avg_pkt_size>
                <flags>0x6</flags>
            </Channel>
            <ModeSpec>
                <chan_bit_rate>39063</chan_bit_rate>
                <alt_rate_tag>0</alt_rate_tag>
                <xcvr_cntrls_pream>0</xcvr_cntrls_pream>
                <wakeup_pin_dir>0</wakeup_pin_dir>
                <xcvr_gp_data>0x00000000000000</xcvr_gp_data>
                <allow_node_override>0</allow_node_override>
                <standard_threshold>"TRUE"</standard_threshold>
            </ModeSpec>
            <std_xcvr_data>
                <std_xcvr_clock_id>5</std_xcvr_clock_id>
                <std_xcvr_raw_comm_parms>2D2E0405060E100004004C0000000000</std_xcvr_raw_comm_parms>
            </std_xcvr_data>
        </Transceiver>
        <Transceiver LonMarkApproved="FALSE" Name="RF-10" UsesNeuronComPort="TRUE" SupportAlternateClockRates="FALSE" SignalStrengthIndicator="FALSE">
            <std_id>4</std_id>
            <support_level>1</support_level>
            <ChannelTypeNumber>7</ChannelTypeNumber>
            <std_xcvr_id>7</std_xcvr_id>
            <estimatedTransactionTime>116</estimatedTransactionTime>
            <defaultRetryCount>3</defaultRetryCount>
            <usesAlternatePath>false</usesAlternatePath>
            <Timing>
                <rcv_start_delay>20</rcv_start_delay>
                <rcv_end_delay>0</rcv_end_delay>
                <indeterm_time>98</indeterm_time>
                <min_interpkt>0</min_interpkt>
                <preamble>10</preamble>
                <turnaround>0</turnaround>
                <missed_pream>90</missed_pream>
                <packet_qual>70</packet_qual>
            </Timing>
            <Channel>
                <comm_mode>0</comm_mode>
                <osc_accuracy>200</osc_accuracy>
                <osc_wakeup>0</osc_wakeup>
                <comm_rate>8</comm_rate>
                <max_priority>4</max_priority>
                <default_priority_slots>4</default_priority_slots>
                <min_clockID>4</min_clockID>
                <max_clockID>32767</max_clockID>
                <avg_pkt_size>15</avg_pkt_size>
                <flags>0x3</flags>
            </Channel>
            <ModeSpec>
                <chan_bit_rate>4883</chan_bit_rate>
                <alt_rate_tag>0</alt_rate_tag>
                <xcvr_cntrls_pream>0</xcvr_cntrls_pream>
                <wakeup_pin_dir>0</wakeup_pin_dir>
                <xcvr_gp_data>0x60000000000000</xcvr_gp_data>
                <allow_node_override>0</allow_node_override>
                <standard_threshold>"TRUE"</standard_threshold>
            </ModeSpec>
            <std_xcvr_data>
                <std_xcvr_clock_id>4</std_xcvr_clock_id>
                <std_xcvr_raw_comm_parms>3C2E4F131822270004604C0000000000</std_xcvr_raw_comm_parms>
            </std_xcvr_data>
        </Transceiver>
        <Transceiver LonMarkApproved="TRUE" Name="PL-10" UsesNeuronComPort="TRUE" SupportAlternateClockRates="FALSE" SignalStrengthIndicator="FALSE">
            <std_id>5</std_id>
            <support_level>1</support_level>
            <ChannelTypeNumber>9</ChannelTypeNumber>
            <std_xcvr_id>9</std_xcvr_id>
            <estimatedTransactionTime>53</estimatedTransactionTime>
            <defaultRetryCount>5</defaultRetryCount>
            <usesAlternatePath>false</usesAlternatePath>
            <Timing>
                <rcv_start_delay>10</rcv_start_delay>
                <rcv_end_delay>104</rcv_end_delay>
                <indeterm_time>0</indeterm_time>
                <min_interpkt>0</min_interpkt>
                <preamble>367</preamble>
                <turnaround>0</turnaround>
                <missed_pream>0</missed_pream>
                <packet_qual>0</packet_qual>
            </Timing>
            <Channel>
                <comm_mode>2</comm_mode>
                <osc_accuracy>200</osc_accuracy>
                <osc_wakeup>0</osc_wakeup>
                <comm_rate>1</comm_rate>
                <max_priority>8</max_priority>
                <default_priority_slots>8</default_priority_slots>
                <min_clockID>4</min_clockID>
                <max_clockID>32767</max_clockID>
                <avg_pkt_size>15</avg_pkt_size>
                <flags>0x3</flags>
            </Channel>
            <ModeSpec>
                <chan_bit_rate>9412</chan_bit_rate>
                <alt_rate_tag>0</alt_rate_tag>
                <xcvr_cntrls_pream>1</xcvr_cntrls_pream>
                <wakeup_pin_dir>1</wakeup_pin_dir>
                <xcvr_gp_data>0x000A0000000000</xcvr_gp_data>
                <allow_node_override>1</allow_node_override>
                <standard_threshold>"TRUE"</standard_threshold>
            </ModeSpec>
            <std_xcvr_data>
                <std_xcvr_clock_id>5</std_xcvr_clock_id>
                <std_xcvr_raw_comm_parms>0D5E00100C3B0F0008000A0000000000</std_xcvr_raw_comm_parms>
            </std_xcvr_data>
        </Transceiver>
        <Transceiver LonMarkApproved="TRUE" Name="TP/FT-10" UsesNeuronComPort="TRUE" SupportAlternateClockRates="FALSE" SignalStrengthIndicator="FALSE">
            <std_id>7</std_id>
            <support_level>1</support_level>
            <ChannelTypeNumber>4</ChannelTypeNumber>
            <std_xcvr_id>4</std_xcvr_id>
            <estimatedTransactionTime>14</estimatedTransactionTime>
            <defaultRetryCount>3</defaultRetryCount>
            <usesAlternatePath>false</usesAlternatePath>
            <Timing>
                <rcv_start_delay>90</rcv_start_delay>
                <rcv_end_delay>0</rcv_end_delay>
                <indeterm_time>240</indeterm_time>
                <min_interpkt>0</min_interpkt>
                <preamble>0</preamble>
                <turnaround>0</turnaround>
                <missed_pream>40</missed_pream>
                <packet_qual>40</packet_qual>
            </Timing>
            <Channel>
                <comm_mode>0</comm_mode>
                <osc_accuracy>200</osc_accuracy>
                <osc_wakeup>0</osc_wakeup>
                <comm_rate>4</comm_rate>
                <max_priority>4</max_priority>
                <default_priority_slots>4</default_priority_slots>
                <min_clockID>4</min_clockID>
                <max_clockID>32767</max_clockID>
                <avg_pkt_size>15</avg_pkt_size>
                <flags>0x2</flags>
            </Channel>
            <ModeSpec>
                <chan_bit_rate>78125</chan_bit_rate>
                <alt_rate_tag>0</alt_rate_tag>
                <xcvr_cntrls_pream>0</xcvr_cntrls_pream>
                <wakeup_pin_dir>0</wakeup_pin_dir>
                <xcvr_gp_data>0x00000000000000</xcvr_gp_data>
                <allow_node_override>0</allow_node_override>
                <standard_threshold>"TRUE"</standard_threshold>
            </ModeSpec>
            <std_xcvr_data>
                <std_xcvr_clock_id>5</std_xcvr_clock_id>
                <std_xcvr_raw_comm_parms>252E08050C0E0F000400A40000000000</std_xcvr_raw_comm_parms>
            </std_xcvr_data>
        </Transceiver>
        <Transceiver LonMarkApproved="TRUE" Name="PL-20C" UsesNeuronComPort="TRUE" SupportAlternateClockRates="FALSE" SignalStrengthIndicator="TRUE">
            <std_id>8</std_id>
            <support_level>1</support_level>
            <ChannelTypeNumber>16</ChannelTypeNumber>
            <std_xcvr_id>16</std_xcvr_id>
            <estimatedTransactionTime>190</estimatedTransactionTime>
            <defaultRetryCount>3</defaultRetryCount>
            <usesAlternatePath>true</usesAlternatePath>
            <Timing>
                <rcv_start_delay>73</rcv_start_delay>
                <rcv_end_delay>16</rcv_end_delay>
                <indeterm_time>101</indeterm_time>
                <min_interpkt>175</min_interpkt>
                <preamble>335</preamble>
                <turnaround>0</turnaround>
                <missed_pream>0</missed_pream>
                <packet_qual>0</packet_qual>
            </Timing>
            <Channel>
                <comm_mode>2</comm_mode>
                <osc_accuracy>200</osc_accuracy>
                <osc_wakeup>0</osc_wakeup>
                <comm_rate>0</comm_rate>
                <max_priority>8</max_priority>
                <default_priority_slots>8</default_priority_slots>
                <min_clockID>3</min_clockID>
                <max_clockID>5</max_clockID>
                <avg_pkt_size>15</avg_pkt_size>
                <flags>0x3</flags>
            </Channel>
            <ModeSpec>
                <chan_bit_rate>3987</chan_bit_rate>
                <alt_rate_tag>0</alt_rate_tag>
                <xcvr_cntrls_pream>1</xcvr_cntrls_pream>
                <wakeup_pin_dir>1</wakeup_pin_dir>
                <xcvr_gp_data>0x4A000010000000</xcvr_gp_data>
                <allow_node_override>1</allow_node_override>
                <standard_threshold>"TRUE"</standard_threshold>
            </ModeSpec>
            <std_xcvr_data>
                <std_xcvr_clock_id>5</std_xcvr_clock_id>
                <std_xcvr_raw_comm_parms>055E003FA6776700084A000010000000</std_xcvr_raw_comm_parms>
            </std_xcvr_data>
        </Transceiver>
        <Transceiver LonMarkApproved="TRUE" Name="PL-20N" UsesNeuronComPort="TRUE" SupportAlternateClockRates="FALSE" SignalStrengthIndicator="TRUE">
            <std_id>9</std_id>
            <support_level>1</support_level>
            <ChannelTypeNumber>17</ChannelTypeNumber>
            <std_xcvr_id>17</std_xcvr_id>
            <estimatedTransactionTime>190</estimatedTransactionTime>
            <defaultRetryCount>3</defaultRetryCount>
            <usesAlternatePath>true</usesAlternatePath>
            <Timing>
                <rcv_start_delay>73</rcv_start_delay>
                <rcv_end_delay>16</rcv_end_delay>
                <indeterm_time>101</indeterm_time>
                <min_interpkt>175</min_interpkt>
                <preamble>335</preamble>
                <turnaround>0</turnaround>
                <missed_pream>0</missed_pream>
                <packet_qual>0</packet_qual>
            </Timing>
            <Channel>
                <comm_mode>2</comm_mode>
                <osc_accuracy>200</osc_accuracy>
                <osc_wakeup>0</osc_wakeup>
                <comm_rate>0</comm_rate>
                <max_priority>8</max_priority>
                <default_priority_slots>8</default_priority_slots>
                <min_clockID>3</min_clockID>
                <max_clockID>5</max_clockID>
                <avg_pkt_size>15</avg_pkt_size>
                <flags>0x3</flags>
            </Channel>
            <ModeSpec>
                <chan_bit_rate>3987</chan_bit_rate>
                <alt_rate_tag>0</alt_rate_tag>
                <xcvr_cntrls_pream>1</xcvr_cntrls_pream>
                <wakeup_pin_dir>1</wakeup_pin_dir>
                <xcvr_gp_data>0x0E010010000000</xcvr_gp_data>
                <allow_node_override>1</allow_node_override>
                <standard_threshold>"TRUE"</standard_threshold>
            </ModeSpec>
            <std_xcvr_data>
                <std_xcvr_clock_id>5</std_xcvr_clock_id>
                <std_xcvr_raw_comm_parms>055E003FA6776700080E010010000000</std_xcvr_raw_comm_parms>
            </std_xcvr_data>
        </Transceiver>
        <Transceiver LonMarkApproved="TRUE" Name="PL-30" UsesNeuronComPort="TRUE" SupportAlternateClockRates="FALSE" SignalStrengthIndicator="FALSE">
            <std_id>10</std_id>
            <support_level>1</support_level>
            <ChannelTypeNumber>18</ChannelTypeNumber>
            <std_xcvr_id>18</std_xcvr_id>
            <estimatedTransactionTime>248</estimatedTransactionTime>
            <defaultRetryCount>15</defaultRetryCount>
            <usesAlternatePath>true</usesAlternatePath>
            <Timing>
                <rcv_start_delay>10</rcv_start_delay>
                <rcv_end_delay>104</rcv_end_delay>
                <indeterm_time>0</indeterm_time>
                <min_interpkt>0</min_interpkt>
                <preamble>367</preamble>
                <turnaround>0</turnaround>
                <missed_pream>0</missed_pream>
                <packet_qual>0</packet_qual>
            </Timing>
            <Channel>
                <comm_mode>2</comm_mode>
                <osc_accuracy>200</osc_accuracy>
                <osc_wakeup>0</osc_wakeup>
                <comm_rate>1</comm_rate>
                <max_priority>12</max_priority>
                <default_priority_slots>12</default_priority_slots>
                <min_clockID>4</min_clockID>
                <max_clockID>32767</max_clockID>
                <avg_pkt_size>15</avg_pkt_size>
                <flags>0x3</flags>
            </Channel>
            <ModeSpec>
                <chan_bit_rate>1882</chan_bit_rate>
                <alt_rate_tag>0</alt_rate_tag>
                <xcvr_cntrls_pream>1</xcvr_cntrls_pream>
                <wakeup_pin_dir>1</wakeup_pin_dir>
                <xcvr_gp_data>0x008A0000000000</xcvr_gp_data>
                <allow_node_override>1</allow_node_override>
                <standard_threshold>"TRUE"</standard_threshold>
            </ModeSpec>
            <std_xcvr_data>
                <std_xcvr_clock_id>5</std_xcvr_clock_id>
                <std_xcvr_raw_comm_parms>0D5E004D30C40F000C008A0000000000</std_xcvr_raw_comm_parms>
            </std_xcvr_data>
        </Transceiver>
        <Transceiver LonMarkApproved="FALSE" Name="TP/RS485-78" UsesNeuronComPort="TRUE" SupportAlternateClockRates="FALSE" SignalStrengthIndicator="FALSE">
            <std_id>11</std_id>
            <support_level>1</support_level>
            <ChannelTypeNumber>12</ChannelTypeNumber>
            <std_xcvr_id>12</std_xcvr_id>
            <estimatedTransactionTime>10</estimatedTransactionTime>
            <defaultRetryCount>3</defaultRetryCount>
            <usesAlternatePath>false</usesAlternatePath>
            <Timing>
                <rcv_start_delay>20</rcv_start_delay>
                <rcv_end_delay>0</rcv_end_delay>
                <indeterm_time>40</indeterm_time>
                <min_interpkt>0</min_interpkt>
                <preamble>10</preamble>
                <turnaround>0</turnaround>
                <missed_pream>10</missed_pream>
                <packet_qual>40</packet_qual>
            </Timing>
            <Channel>
                <comm_mode>0</comm_mode>
                <osc_accuracy>200</osc_accuracy>
                <osc_wakeup>0</osc_wakeup>
                <comm_rate>4</comm_rate>
                <max_priority>4</max_priority>
                <default_priority_slots>4</default_priority_slots>
                <min_clockID>4</min_clockID>
                <max_clockID>32767</max_clockID>
                <avg_pkt_size>15</avg_pkt_size>
                <flags>0x6</flags>
            </Channel>
            <ModeSpec>
                <chan_bit_rate>78125</chan_bit_rate>
                <alt_rate_tag>0</alt_rate_tag>
                <xcvr_cntrls_pream>0</xcvr_cntrls_pream>
                <wakeup_pin_dir>0</wakeup_pin_dir>
                <xcvr_gp_data>0x00000000000000</xcvr_gp_data>
                <allow_node_override>0</allow_node_override>
                <standard_threshold>"TRUE"</standard_threshold>
            </ModeSpec>
            <std_xcvr_data>
                <std_xcvr_clock_id>5</std_xcvr_clock_id>
                <std_xcvr_raw_comm_parms>252E0604040E0F000400A40000000000</std_xcvr_raw_comm_parms>
            </std_xcvr_data>
        </Transceiver>
        <Transceiver LonMarkApproved="FALSE" Name="TP/RS485-625" UsesNeuronComPort="TRUE" SupportAlternateClockRates="FALSE" SignalStrengthIndicator="FALSE">
            <std_id>12</std_id>
            <support_level>1</support_level>
            <ChannelTypeNumber>10</ChannelTypeNumber>
            <std_xcvr_id>10</std_xcvr_id>
            <estimatedTransactionTime>6</estimatedTransactionTime>
            <defaultRetryCount>3</defaultRetryCount>
            <usesAlternatePath>false</usesAlternatePath>
            <Timing>
                <rcv_start_delay>20</rcv_start_delay>
                <rcv_end_delay>0</rcv_end_delay>
                <indeterm_time>40</indeterm_time>
                <min_interpkt>0</min_interpkt>
                <preamble>10</preamble>
                <turnaround>0</turnaround>
                <missed_pream>10</missed_pream>
                <packet_qual>40</packet_qual>
            </Timing>
            <Channel>
                <comm_mode>0</comm_mode>
                <osc_accuracy>200</osc_accuracy>
                <osc_wakeup>0</osc_wakeup>
                <comm_rate>1</comm_rate>
                <max_priority>4</max_priority>
                <default_priority_slots>4</default_priority_slots>
                <min_clockID>4</min_clockID>
                <max_clockID>32767</max_clockID>
                <avg_pkt_size>15</avg_pkt_size>
                <flags>0x6</flags>
            </Channel>
            <ModeSpec>
                <chan_bit_rate>625000</chan_bit_rate>
                <alt_rate_tag>0</alt_rate_tag>
                <xcvr_cntrls_pream>0</xcvr_cntrls_pream>
                <wakeup_pin_dir>0</wakeup_pin_dir>
                <xcvr_gp_data>0x00000000000000</xcvr_gp_data>
                <allow_node_override>0</allow_node_override>
                <standard_threshold>"TRUE"</standard_threshold>
            </ModeSpec>
            <std_xcvr_data>
                <std_xcvr_clock_id>5</std_xcvr_clock_id>
                <std_xcvr_raw_comm_parms>0D2E0804020E0F0004000C0000000000</std_xcvr_raw_comm_parms>
            </std_xcvr_data>
        </Transceiver>
        <Transceiver LonMarkApproved="FALSE" Name="TP/RS485-1250" UsesNeuronComPort="TRUE" SupportAlternateClockRates="FALSE" SignalStrengthIndicator="FALSE">
            <std_id>13</std_id>
            <support_level>1</support_level>
            <ChannelTypeNumber>11</ChannelTypeNumber>
            <std_xcvr_id>11</std_xcvr_id>
            <estimatedTransactionTime>4</estimatedTransactionTime>
            <defaultRetryCount>3</defaultRetryCount>
            <usesAlternatePath>false</usesAlternatePath>
            <Timing>
                <rcv_start_delay>20</rcv_start_delay>
                <rcv_end_delay>0</rcv_end_delay>
                <indeterm_time>40</indeterm_time>
                <min_interpkt>0</min_interpkt>
                <preamble>10</preamble>
                <turnaround>0</turnaround>
                <missed_pream>10</missed_pream>
                <packet_qual>40</packet_qual>
            </Timing>
            <Channel>
                <comm_mode>0</comm_mode>
                <osc_accuracy>200</osc_accuracy>
                <osc_wakeup>0</osc_wakeup>
                <comm_rate>0</comm_rate>
                <max_priority>16</max_priority>
                <default_priority_slots>16</default_priority_slots>
                <min_clockID>5</min_clockID>
                <max_clockID>32767</max_clockID>
                <avg_pkt_size>15</avg_pkt_size>
                <flags>0x6</flags>
            </Channel>
            <ModeSpec>
                <chan_bit_rate>1250000</chan_bit_rate>
                <alt_rate_tag>0</alt_rate_tag>
                <xcvr_cntrls_pream>0</xcvr_cntrls_pream>
                <wakeup_pin_dir>0</wakeup_pin_dir>
                <xcvr_gp_data>0x00000000000000</xcvr_gp_data>
                <allow_node_override>0</allow_node_override>
                <standard_threshold>"TRUE"</standard_threshold>
            </ModeSpec>
            <std_xcvr_data>
                <std_xcvr_clock_id>5</std_xcvr_clock_id>
                <std_xcvr_raw_comm_parms>052E0104000000001000040000000000</std_xcvr_raw_comm_parms>
            </std_xcvr_data>
        </Transceiver>
        <Transceiver LonMarkApproved="FALSE" Name="DC-78" UsesNeuronComPort="TRUE" SupportAlternateClockRates="FALSE" SignalStrengthIndicator="FALSE">
            <std_id>14</std_id>
            <support_level>1</support_level>
            <ChannelTypeNumber>27</ChannelTypeNumber>
            <std_xcvr_id>27</std_xcvr_id>
            <estimatedTransactionTime>7</estimatedTransactionTime>
            <defaultRetryCount>3</defaultRetryCount>
            <usesAlternatePath>false</usesAlternatePath>
            <Timing>
                <rcv_start_delay>10</rcv_start_delay>
                <rcv_end_delay>0</rcv_end_delay>
                <indeterm_time>0</indeterm_time>
                <min_interpkt>0</min_interpkt>
                <preamble>10</preamble>
                <turnaround>0</turnaround>
                <missed_pream>0</missed_pream>
                <packet_qual>40</packet_qual>
            </Timing>
            <Channel>
                <comm_mode>1</comm_mode>
                <osc_accuracy>200</osc_accuracy>
                <osc_wakeup>0</osc_wakeup>
                <comm_rate>4</comm_rate>
                <max_priority>0</max_priority>
                <default_priority_slots>0</default_priority_slots>
                <min_clockID>5</min_clockID>
                <max_clockID>32767</max_clockID>
                <avg_pkt_size>15</avg_pkt_size>
                <flags>0x2</flags>
            </Channel>
            <ModeSpec>
                <chan_bit_rate>78125</chan_bit_rate>
                <alt_rate_tag>0</alt_rate_tag>
                <xcvr_cntrls_pream>0</xcvr_cntrls_pream>
                <wakeup_pin_dir>0</wakeup_pin_dir>
                <xcvr_gp_data>0x00000000000000</xcvr_gp_data>
                <allow_node_override>0</allow_node_override>
                <standard_threshold>"TRUE"</standard_threshold>
            </ModeSpec>
            <std_xcvr_data>
                <std_xcvr_clock_id>5</std_xcvr_clock_id>
                <std_xcvr_raw_comm_parms>25AC0104010001000000A40000000000</std_xcvr_raw_comm_parms>
            </std_xcvr_data>
        </Transceiver>
        <Transceiver LonMarkApproved="FALSE" Name="DC-625" UsesNeuronComPort="TRUE" SupportAlternateClockRates="FALSE" SignalStrengthIndicator="FALSE">
            <std_id>15</std_id>
            <support_level>1</support_level>
            <ChannelTypeNumber>28</ChannelTypeNumber>
            <std_xcvr_id>28</std_xcvr_id>
            <estimatedTransactionTime>3</estimatedTransactionTime>
            <defaultRetryCount>3</defaultRetryCount>
            <usesAlternatePath>false</usesAlternatePath>
            <Timing>
                <rcv_start_delay>10</rcv_start_delay>
                <rcv_end_delay>0</rcv_end_delay>
                <indeterm_time>0</indeterm_time>
                <min_interpkt>0</min_interpkt>
                <preamble>10</preamble>
                <turnaround>0</turnaround>
                <missed_pream>0</missed_pream>
                <packet_qual>40</packet_qual>
            </Timing>
            <Channel>
                <comm_mode>1</comm_mode>
                <osc_accuracy>200</osc_accuracy>
                <osc_wakeup>0</osc_wakeup>
                <comm_rate>1</comm_rate>
                <max_priority>0</max_priority>
                <default_priority_slots>0</default_priority_slots>
                <min_clockID>5</min_clockID>
                <max_clockID>32767</max_clockID>
                <avg_pkt_size>15</avg_pkt_size>
                <flags>0x2</flags>
            </Channel>
            <ModeSpec>
                <chan_bit_rate>625000</chan_bit_rate>
                <alt_rate_tag>0</alt_rate_tag>
                <xcvr_cntrls_pream>0</xcvr_cntrls_pream>
                <wakeup_pin_dir>0</wakeup_pin_dir>
                <xcvr_gp_data>0x00000000000000</xcvr_gp_data>
                <allow_node_override>0</allow_node_override>
                <standard_threshold>"TRUE"</standard_threshold>
            </ModeSpec>
            <std_xcvr_data>
                <std_xcvr_clock_id>5</std_xcvr_clock_id>
                <std_xcvr_raw_comm_parms>0DAC01040000010000000C0000000000</std_xcvr_raw_comm_parms>
            </std_xcvr_data>
        </Transceiver>
        <Transceiver LonMarkApproved="FALSE" Name="DC-1250" UsesNeuronComPort="TRUE" SupportAlternateClockRates="FALSE" SignalStrengthIndicator="FALSE">
            <std_id>16</std_id>
            <support_level>1</support_level>
            <ChannelTypeNumber>29</ChannelTypeNumber>
            <std_xcvr_id>29</std_xcvr_id>
            <estimatedTransactionTime>3</estimatedTransactionTime>
            <defaultRetryCount>3</defaultRetryCount>
            <usesAlternatePath>false</usesAlternatePath>
            <Timing>
                <rcv_start_delay>10</rcv_start_delay>
                <rcv_end_delay>0</rcv_end_delay>
                <indeterm_time>0</indeterm_time>
                <min_interpkt>0</min_interpkt>
                <preamble>10</preamble>
                <turnaround>0</turnaround>
                <missed_pream>0</missed_pream>
                <packet_qual>40</packet_qual>
            </Timing>
            <Channel>
                <comm_mode>1</comm_mode>
                <osc_accuracy>200</osc_accuracy>
                <osc_wakeup>0</osc_wakeup>
                <comm_rate>0</comm_rate>
                <max_priority>0</max_priority>
                <default_priority_slots>0</default_priority_slots>
                <min_clockID>5</min_clockID>
                <max_clockID>32767</max_clockID>
                <avg_pkt_size>15</avg_pkt_size>
                <flags>0x2</flags>
            </Channel>
            <ModeSpec>
                <chan_bit_rate>1250000</chan_bit_rate>
                <alt_rate_tag>0</alt_rate_tag>
                <xcvr_cntrls_pream>0</xcvr_cntrls_pream>
                <wakeup_pin_dir>0</wakeup_pin_dir>
                <xcvr_gp_data>0x00000000000000</xcvr_gp_data>
                <allow_node_override>0</allow_node_override>
                <standard_threshold>"TRUE"</standard_threshold>
            </ModeSpec>
            <std_xcvr_data>
                <std_xcvr_clock_id>5</std_xcvr_clock_id>
                <std_xcvr_raw_comm_parms>05AC0104000000000000040000000000</std_xcvr_raw_comm_parms>
            </std_xcvr_data>
        </Transceiver>
        <Transceiver LonMarkApproved="TRUE" Name="FO-20S" UsesNeuronComPort="TRUE" SupportAlternateClockRates="FALSE" SignalStrengthIndicator="FALSE">
            <std_id>24</std_id>
            <support_level>1</support_level>
            <ChannelTypeNumber>24</ChannelTypeNumber>
            <std_xcvr_id>24</std_xcvr_id>
            <estimatedTransactionTime>4</estimatedTransactionTime>
            <defaultRetryCount>3</defaultRetryCount>
            <usesAlternatePath>false</usesAlternatePath>
            <Timing>
                <rcv_start_delay>1450</rcv_start_delay>
                <rcv_end_delay>40</rcv_end_delay>
                <indeterm_time>40</indeterm_time>
                <min_interpkt>40</min_interpkt>
                <preamble>10</preamble>
                <turnaround>0</turnaround>
                <missed_pream>40</missed_pream>
                <packet_qual>80</packet_qual>
            </Timing>
            <Channel>
                <comm_mode>0</comm_mode>
                <osc_accuracy>200</osc_accuracy>
                <osc_wakeup>0</osc_wakeup>
                <comm_rate>0</comm_rate>
                <max_priority>4</max_priority>
                <default_priority_slots>4</default_priority_slots>
                <min_clockID>5</min_clockID>
                <max_clockID>32767</max_clockID>
                <avg_pkt_size>15</avg_pkt_size>
                <flags>0x2</flags>
            </Channel>
            <ModeSpec>
                <chan_bit_rate>1250000</chan_bit_rate>
                <alt_rate_tag>0</alt_rate_tag>
                <xcvr_cntrls_pream>0</xcvr_cntrls_pream>
                <wakeup_pin_dir>0</wakeup_pin_dir>
                <xcvr_gp_data>0x00000000000000</xcvr_gp_data>
                <allow_node_override>0</allow_node_override>
                <standard_threshold>"TRUE"</standard_threshold>
            </ModeSpec>
            <std_xcvr_data>
                <std_xcvr_clock_id>5</std_xcvr_clock_id>
                <std_xcvr_raw_comm_parms>052E0104090000000400040000000000</std_xcvr_raw_comm_parms>
            </std_xcvr_data>
        </Transceiver>
        <Transceiver LonMarkApproved="TRUE" Name="PL-20C-LOW" UsesNeuronComPort="TRUE" SupportAlternateClockRates="FALSE" SignalStrengthIndicator="TRUE">
            <std_id>18</std_id>
            <support_level>1</support_level>
            <ChannelTypeNumber>16</ChannelTypeNumber>
            <std_xcvr_id>19</std_xcvr_id>
            <estimatedTransactionTime>4</estimatedTransactionTime>
            <defaultRetryCount>3</defaultRetryCount>
            <usesAlternatePath>false</usesAlternatePath>
            <Timing>
                <rcv_start_delay>73</rcv_start_delay>
                <rcv_end_delay>16</rcv_end_delay>
                <indeterm_time>101</indeterm_time>
                <min_interpkt>175</min_interpkt>
                <preamble>335</preamble>
                <turnaround>0</turnaround>
                <missed_pream>0</missed_pream>
                <packet_qual>0</packet_qual>
            </Timing>
            <Channel>
                <comm_mode>2</comm_mode>
                <osc_accuracy>200</osc_accuracy>
                <osc_wakeup>0</osc_wakeup>
                <comm_rate>0</comm_rate>
                <max_priority>8</max_priority>
                <default_priority_slots>8</default_priority_slots>
                <min_clockID>3</min_clockID>
                <max_clockID>5</max_clockID>
                <avg_pkt_size>15</avg_pkt_size>
                <flags>0x3</flags>
            </Channel>
            <ModeSpec>
                <chan_bit_rate>3987</chan_bit_rate>
                <alt_rate_tag>0</alt_rate_tag>
                <xcvr_cntrls_pream>1</xcvr_cntrls_pream>
                <wakeup_pin_dir>1</wakeup_pin_dir>
                <xcvr_gp_data>0x4A000012000000</xcvr_gp_data>
                <allow_node_override>1</allow_node_override>
                <standard_threshold>"TRUE"</standard_threshold>
            </ModeSpec>
            <std_xcvr_data>
                <std_xcvr_clock_id>5</std_xcvr_clock_id>
                <std_xcvr_raw_comm_parms>055E003FA6776700084A000012000000</std_xcvr_raw_comm_parms>
            </std_xcvr_data>
        </Transceiver>
        <Transceiver LonMarkApproved="TRUE" Name="PL-20N-LOW" UsesNeuronComPort="TRUE" SupportAlternateClockRates="FALSE" SignalStrengthIndicator="TRUE">
            <std_id>19</std_id>
            <support_level>1</support_level>
            <ChannelTypeNumber>17</ChannelTypeNumber>
            <std_xcvr_id>20</std_xcvr_id>
            <estimatedTransactionTime>190</estimatedTransactionTime>
            <defaultRetryCount>3</defaultRetryCount>
            <usesAlternatePath>true</usesAlternatePath>
            <Timing>
                <rcv_start_delay>73</rcv_start_delay>
                <rcv_end_delay>16</rcv_end_delay>
                <indeterm_time>101</indeterm_time>
                <min_interpkt>175</min_interpkt>
                <preamble>335</preamble>
                <turnaround>0</turnaround>
                <missed_pream>0</missed_pream>
                <packet_qual>0</packet_qual>
            </Timing>
            <Channel>
                <comm_mode>2</comm_mode>
                <osc_accuracy>200</osc_accuracy>
                <osc_wakeup>0</osc_wakeup>
                <comm_rate>0</comm_rate>
                <max_priority>8</max_priority>
                <default_priority_slots>8</default_priority_slots>
                <min_clockID>3</min_clockID>
                <max_clockID>5</max_clockID>
                <avg_pkt_size>15</avg_pkt_size>
                <flags>0x3</flags>
            </Channel>
            <ModeSpec>
                <chan_bit_rate>3987</chan_bit_rate>
                <alt_rate_tag>0</alt_rate_tag>
                <xcvr_cntrls_pream>1</xcvr_cntrls_pream>
                <wakeup_pin_dir>1</wakeup_pin_dir>
                <xcvr_gp_data>0x0E010012000000</xcvr_gp_data>
                <allow_node_override>1</allow_node_override>
                <standard_threshold>"TRUE"</standard_threshold>
            </ModeSpec>
            <std_xcvr_data>
                <std_xcvr_clock_id>5</std_xcvr_clock_id>
                <std_xcvr_raw_comm_parms>055E003FA6776700080E010010000000</std_xcvr_raw_comm_parms>
            </std_xcvr_data>
        </Transceiver>
        <Transceiver LonMarkApproved="TRUE" Name="PL-20A" UsesNeuronComPort="TRUE" SupportAlternateClockRates="TRUE" SignalStrengthIndicator="TRUE">
            <std_id>20</std_id>
            <support_level>1</support_level>
            <ChannelTypeNumber>15</ChannelTypeNumber>
            <std_xcvr_id>15</std_xcvr_id>
            <estimatedTransactionTime>313</estimatedTransactionTime>
            <defaultRetryCount>3</defaultRetryCount>
            <usesAlternatePath>true</usesAlternatePath>
            <Timing>
                <rcv_start_delay>68</rcv_start_delay>
                <rcv_end_delay>16</rcv_end_delay>
                <indeterm_time>0</indeterm_time>
                <min_interpkt>175</min_interpkt>
                <preamble>335</preamble>
                <turnaround>0</turnaround>
                <missed_pream>0</missed_pream>
                <packet_qual>0</packet_qual>
            </Timing>
            <Channel>
                <comm_mode>2</comm_mode>
                <osc_accuracy>200</osc_accuracy>
                <osc_wakeup>0</osc_wakeup>
                <comm_rate>0</comm_rate>
                <max_priority>8</max_priority>
                <default_priority_slots>8</default_priority_slots>
                <min_clockID>3</min_clockID>
                <max_clockID>5</max_clockID>
                <avg_pkt_size>15</avg_pkt_size>
                <flags>0x3</flags>
            </Channel>
            <ModeSpec>
                <chan_bit_rate>2613</chan_bit_rate>
                <alt_rate_tag>2613</alt_rate_tag>
                <xcvr_cntrls_pream>1</xcvr_cntrls_pream>
                <wakeup_pin_dir>1</wakeup_pin_dir>
                <xcvr_gp_data>0x0E010010000100</xcvr_gp_data>
                <allow_node_override>1</allow_node_override>
                <standard_threshold>"TRUE"</standard_threshold>
            </ModeSpec>
            <std_xcvr_data>
                <std_xcvr_clock_id>5</std_xcvr_clock_id>
                <std_xcvr_raw_comm_parms>055E005AE6A97800080E010010000100</std_xcvr_raw_comm_parms>
            </std_xcvr_data>
        </Transceiver>
        <Transceiver LonMarkApproved="FALSE" Name="PL-20A-LOW" UsesNeuronComPort="TRUE" SupportAlternateClockRates="TRUE" SignalStrengthIndicator="TRUE">
            <std_id>21</std_id>
            <support_level>1</support_level>
            <ChannelTypeNumber>15</ChannelTypeNumber>
            <std_xcvr_id>14</std_xcvr_id>
            <estimatedTransactionTime>313</estimatedTransactionTime>
            <defaultRetryCount>3</defaultRetryCount>
            <usesAlternatePath>true</usesAlternatePath>
            <Timing>
                <rcv_start_delay>68</rcv_start_delay>
                <rcv_end_delay>16</rcv_end_delay>
                <indeterm_time>0</indeterm_time>
                <min_interpkt>175</min_interpkt>
                <preamble>335</preamble>
                <turnaround>0</turnaround>
                <missed_pream>0</missed_pream>
                <packet_qual>0</packet_qual>
            </Timing>
            <Channel>
                <comm_mode>2</comm_mode>
                <osc_accuracy>200</osc_accuracy>
                <osc_wakeup>0</osc_wakeup>
                <comm_rate>0</comm_rate>
                <max_priority>8</max_priority>
                <default_priority_slots>8</default_priority_slots>
                <min_clockID>3</min_clockID>
                <max_clockID>5</max_clockID>
                <avg_pkt_size>15</avg_pkt_size>
                <flags>0x3</flags>
            </Channel>
            <ModeSpec>
                <chan_bit_rate>2613</chan_bit_rate>
                <alt_rate_tag>2613</alt_rate_tag>
                <xcvr_cntrls_pream>1</xcvr_cntrls_pream>
                <wakeup_pin_dir>1</wakeup_pin_dir>
                <xcvr_gp_data>0x0E010012000100</xcvr_gp_data>
                <allow_node_override>1</allow_node_override>
                <standard_threshold>"TRUE"</standard_threshold>
            </ModeSpec>
            <std_xcvr_data>
                <std_xcvr_clock_id>5</std_xcvr_clock_id>
                <std_xcvr_raw_comm_parms>055E005AE6A97800080E010012000100</std_xcvr_raw_comm_parms>
            </std_xcvr_data>
        </Transceiver>
        <Transceiver LonMarkApproved="FALSE" Name="IP-10L" UsesNeuronComPort="FALSE" SupportAlternateClockRates="FALSE" SignalStrengthIndicator="FALSE">
            <std_id>22</std_id>
            <support_level>1</support_level>
            <ChannelTypeNumber>25</ChannelTypeNumber>
            <std_xcvr_id>25</std_xcvr_id>
            <estimatedTransactionTime>50</estimatedTransactionTime>
            <defaultRetryCount>3</defaultRetryCount>
            <usesAlternatePath>false</usesAlternatePath>
            <Timing>
                <rcv_start_delay>140</rcv_start_delay>
                <rcv_end_delay>0</rcv_end_delay>
                <indeterm_time>250</indeterm_time>
                <min_interpkt>0</min_interpkt>
                <preamble>10</preamble>
                <turnaround>0</turnaround>
                <missed_pream>40</missed_pream>
                <packet_qual>70</packet_qual>
            </Timing>
            <Channel>
                <comm_mode>1</comm_mode>
                <osc_accuracy>200</osc_accuracy>
                <osc_wakeup>0</osc_wakeup>
                <comm_rate>0</comm_rate>
                <max_priority>0</max_priority>
                <default_priority_slots>0</default_priority_slots>
                <min_clockID>5</min_clockID>
                <max_clockID>32767</max_clockID>
                <avg_pkt_size>15</avg_pkt_size>
                <flags>0x2</flags>
            </Channel>
            <ModeSpec>
                <chan_bit_rate>1250000</chan_bit_rate>
                <alt_rate_tag>0</alt_rate_tag>
                <xcvr_cntrls_pream>0</xcvr_cntrls_pream>
                <wakeup_pin_dir>0</wakeup_pin_dir>
                <xcvr_gp_data>0x60000000000000</xcvr_gp_data>
                <allow_node_override>0</allow_node_override>
                <standard_threshold>"TRUE"</standard_threshold>
            </ModeSpec>
        </Transceiver>
        <Transceiver LonMarkApproved="FALSE" Name="IP-10W" UsesNeuronComPort="FALSE" SupportAlternateClockRates="FALSE" SignalStrengthIndicator="FALSE">
            <std_id>23</std_id>
            <support_level>1</support_level>
            <ChannelTypeNumber>26</ChannelTypeNumber>
            <std_xcvr_id>26</std_xcvr_id>
            <estimatedTransactionTime>500</estimatedTransactionTime>
            <defaultRetryCount>3</defaultRetryCount>
            <usesAlternatePath>false</usesAlternatePath>
            <Timing>
                <rcv_start_delay>140</rcv_start_delay>
                <rcv_end_delay>0</rcv_end_delay>
                <indeterm_time>250</indeterm_time>
                <min_interpkt>0</min_interpkt>
                <preamble>10</preamble>
                <turnaround>0</turnaround>
                <missed_pream>40</missed_pream>
                <packet_qual>70</packet_qual>
            </Timing>
            <Channel>
                <comm_mode>1</comm_mode>
                <osc_accuracy>200</osc_accuracy>
                <osc_wakeup>0</osc_wakeup>
                <comm_rate>0</comm_rate>
                <max_priority>0</max_priority>
                <default_priority_slots>0</default_priority_slots>
                <min_clockID>5</min_clockID>
                <max_clockID>32767</max_clockID>
                <avg_pkt_size>15</avg_pkt_size>
                <flags>0x2</flags>
            </Channel>
            <ModeSpec>
                <chan_bit_rate>1250000</chan_bit_rate>
                <alt_rate_tag>0</alt_rate_tag>
                <xcvr_cntrls_pream>0</xcvr_cntrls_pream>
                <wakeup_pin_dir>0</wakeup_pin_dir>
                <xcvr_gp_data>0x60000000000000</xcvr_gp_data>
                <allow_node_override>0</allow_node_override>
                <standard_threshold>"TRUE"</standard_threshold>
            </ModeSpec>
        </Transceiver>
        <Transceiver LonMarkApproved="TRUE" Name="IP-852" UsesNeuronComPort="FALSE" SupportAlternateClockRates="FALSE" SignalStrengthIndicator="FALSE">
            <std_id>154</std_id>
            <support_level>1</support_level>
            <ChannelTypeNumber>154</ChannelTypeNumber>
            <std_xcvr_id>154</std_xcvr_id>
            <estimatedTransactionTime>50</estimatedTransactionTime>
            <defaultRetryCount>3</defaultRetryCount>
            <usesAlternatePath>false</usesAlternatePath>
            <Timing>
                <rcv_start_delay>140</rcv_start_delay>
                <rcv_end_delay>0</rcv_end_delay>
                <indeterm_time>250</indeterm_time>
                <min_interpkt>0</min_interpkt>
                <preamble>10</preamble>
                <turnaround>0</turnaround>
                <missed_pream>40</missed_pream>
                <packet_qual>70</packet_qual>
            </Timing>
            <Channel>
                <comm_mode>1</comm_mode>
                <osc_accuracy>200</osc_accuracy>
                <osc_wakeup>0</osc_wakeup>
                <comm_rate>0</comm_rate>
                <max_priority>0</max_priority>
                <default_priority_slots>0</default_priority_slots>
                <min_clockID>5</min_clockID>
                <max_clockID>32767</max_clockID>
                <avg_pkt_size>15</avg_pkt_size>
                <flags>0x2</flags>
            </Channel>
            <ModeSpec>
                <chan_bit_rate>1250000</chan_bit_rate>
                <alt_rate_tag>0</alt_rate_tag>
                <xcvr_cntrls_pream>0</xcvr_cntrls_pream>
                <wakeup_pin_dir>0</wakeup_pin_dir>
                <xcvr_gp_data>0x60000000000000</xcvr_gp_data>
                <allow_node_override>0</allow_node_override>
                <standard_threshold>"TRUE"</standard_threshold>
            </ModeSpec>
        </Transceiver>
        <Transceiver LonMarkApproved="FALSE" Name="BACKPLANE" UsesNeuronComPort="TRUE" SupportAlternateClockRates="FALSE" SignalStrengthIndicator="FALSE">
            <std_id>6</std_id>
            <support_level>1</support_level>
            <ChannelTypeNumber>255</ChannelTypeNumber>
            <std_xcvr_id>255</std_xcvr_id>
            <estimatedTransactionTime>4</estimatedTransactionTime>
            <defaultRetryCount>3</defaultRetryCount>
            <usesAlternatePath>false</usesAlternatePath>
            <Timing>
                <rcv_start_delay>10</rcv_start_delay>
                <rcv_end_delay>0</rcv_end_delay>
                <indeterm_time>0</indeterm_time>
                <min_interpkt>0</min_interpkt>
                <preamble>10</preamble>
                <turnaround>0</turnaround>
                <missed_pream>0</missed_pream>
                <packet_qual>40</packet_qual>
            </Timing>
            <Channel>
                <comm_mode>1</comm_mode>
                <osc_accuracy>200</osc_accuracy>
                <osc_wakeup>0</osc_wakeup>
                <comm_rate>0</comm_rate>
                <max_priority>0</max_priority>
                <default_priority_slots>0</default_priority_slots>
                <min_clockID>5</min_clockID>
                <max_clockID>32767</max_clockID>
                <avg_pkt_size>15</avg_pkt_size>
                <flags>0x0</flags>
            </Channel>
            <ModeSpec>
                <chan_bit_rate>1250000</chan_bit_rate>
                <alt_rate_tag>0</alt_rate_tag>
                <xcvr_cntrls_pream>0</xcvr_cntrls_pream>
                <wakeup_pin_dir>0</wakeup_pin_dir>
                <xcvr_gp_data>0x00000000000000</xcvr_gp_data>
                <allow_node_override>0</allow_node_override>
                <standard_threshold>"TRUE"</standard_threshold>
            </ModeSpec>
        </Transceiver>
        <Transceiver LonMarkApproved="FALSE" Name="CUSTOM" UsesNeuronComPort="TRUE" SupportAlternateClockRates="FALSE" SignalStrengthIndicator="FALSE">
            <std_id>0</std_id>
            <support_level>1</support_level>
            <ChannelTypeNumber>30</ChannelTypeNumber>
            <std_xcvr_id>30</std_xcvr_id>
            <estimatedTransactionTime>100</estimatedTransactionTime>
            <defaultRetryCount>3</defaultRetryCount>
            <usesAlternatePath>false</usesAlternatePath>
            <Timing>
                <rcv_start_delay>10</rcv_start_delay>
                <rcv_end_delay>0</rcv_end_delay>
                <indeterm_time>0</indeterm_time>
                <min_interpkt>0</min_interpkt>
                <preamble>10</preamble>
                <turnaround>0</turnaround>
                <missed_pream>0</missed_pream>
                <packet_qual>40</packet_qual>
            </Timing>
            <Channel>
                <comm_mode>1</comm_mode>
                <osc_accuracy>200</osc_accuracy>
                <osc_wakeup>0</osc_wakeup>
                <comm_rate>0</comm_rate>
                <max_priority>0</max_priority>
                <default_priority_slots>0</default_priority_slots>
                <min_clockID>5</min_clockID>
                <max_clockID>32767</max_clockID>
                <avg_pkt_size>15</avg_pkt_size>
                <flags>0x0</flags>
            </Channel>
            <ModeSpec>
                <chan_bit_rate>1250000</chan_bit_rate>
                <alt_rate_tag>0</alt_rate_tag>
                <xcvr_cntrls_pream>0</xcvr_cntrls_pream>
                <wakeup_pin_dir>0</wakeup_pin_dir>
                <xcvr_gp_data>0x00000000000000</xcvr_gp_data>
                <allow_node_override>0</allow_node_override>
                <standard_threshold>"TRUE"</standard_threshold>
            </ModeSpec>
        </Transceiver>
        <Transceiver LonMarkApproved="TRUE" Name="FO-20L" UsesNeuronComPort="TRUE" SupportAlternateClockRates="FALSE" SignalStrengthIndicator="FALSE">
            <std_id>152</std_id>
            <support_level>1</support_level>
            <ChannelTypeNumber>152</ChannelTypeNumber>
            <std_xcvr_id>152</std_xcvr_id>
            <estimatedTransactionTime>4</estimatedTransactionTime>
            <defaultRetryCount>3</defaultRetryCount>
            <usesAlternatePath>false</usesAlternatePath>
            <Timing>
                <rcv_start_delay>12900</rcv_start_delay>
                <rcv_end_delay>40</rcv_end_delay>
                <indeterm_time>40</indeterm_time>
                <min_interpkt>40</min_interpkt>
                <preamble>10</preamble>
                <turnaround>0</turnaround>
                <missed_pream>40</missed_pream>
                <packet_qual>80</packet_qual>
            </Timing>
            <Channel>
                <comm_mode>0</comm_mode>
                <osc_accuracy>200</osc_accuracy>
                <osc_wakeup>0</osc_wakeup>
                <comm_rate>0</comm_rate>
                <max_priority>4</max_priority>
                <default_priority_slots>4</default_priority_slots>
                <min_clockID>5</min_clockID>
                <max_clockID>6</max_clockID>
                <avg_pkt_size>15</avg_pkt_size>
                <flags>0x2</flags>
            </Channel>
            <ModeSpec>
                <chan_bit_rate>1250000</chan_bit_rate>
                <alt_rate_tag>0</alt_rate_tag>
                <xcvr_cntrls_pream>0</xcvr_cntrls_pream>
                <wakeup_pin_dir>0</wakeup_pin_dir>
                <xcvr_gp_data>0x00000000000000</xcvr_gp_data>
                <allow_node_override>0</allow_node_override>
                <standard_threshold>"TRUE"</standard_threshold>
            </ModeSpec>
            <std_xcvr_data>
                <std_xcvr_clock_id>5</std_xcvr_clock_id>
                <std_xcvr_raw_comm_parms>052E010E560000000400040000000000</std_xcvr_raw_comm_parms>
            </std_xcvr_data>
        </Transceiver>
        <Transceiver LonMarkApproved="FALSE" Name="DC33-78" UsesNeuronComPort="TRUE" SupportAlternateClockRates="FALSE" SignalStrengthIndicator="FALSE">
            <std_id>142</std_id>
            <support_level>1</support_level>
            <ChannelTypeNumber>142</ChannelTypeNumber>
            <std_xcvr_id>142</std_xcvr_id>
            <estimatedTransactionTime>14</estimatedTransactionTime>
            <defaultRetryCount>3</defaultRetryCount>
            <usesAlternatePath>false</usesAlternatePath>
            <Timing>
                <rcv_start_delay>10</rcv_start_delay>
                <rcv_end_delay>0</rcv_end_delay>
                <indeterm_time>0</indeterm_time>
                <min_interpkt>0</min_interpkt>
                <preamble>10</preamble>
                <turnaround>0</turnaround>
                <missed_pream>0</missed_pream>
                <packet_qual>40</packet_qual>
            </Timing>
            <Channel>
                <comm_mode>1</comm_mode>
                <osc_accuracy>200</osc_accuracy>
                <osc_wakeup>0</osc_wakeup>
                <comm_rate>4</comm_rate>
                <max_priority>0</max_priority>
                <default_priority_slots>0</default_priority_slots>
                <min_clockID>5</min_clockID>
                <max_clockID>32767</max_clockID>
                <avg_pkt_size>15</avg_pkt_size>
                <flags>0x2</flags>
            </Channel>
            <ModeSpec>
                <chan_bit_rate>78125</chan_bit_rate>
                <alt_rate_tag>0</alt_rate_tag>
                <xcvr_cntrls_pream>0</xcvr_cntrls_pream>
                <wakeup_pin_dir>0</wakeup_pin_dir>
                <xcvr_gp_data>0x00000000000000</xcvr_gp_data>
                <allow_node_override>0</allow_node_override>
                <standard_threshold>"FALSE"</standard_threshold>
            </ModeSpec>
            <std_xcvr_data>
                <std_xcvr_clock_id>5</std_xcvr_clock_id>
                <std_xcvr_raw_comm_parms>25AE0104010001000000A40000000000</std_xcvr_raw_comm_parms>
            </std_xcvr_data>
        </Transceiver>
        <Transceiver LonMarkApproved="FALSE" Name="DC33-625" UsesNeuronComPort="TRUE" SupportAlternateClockRates="FALSE" SignalStrengthIndicator="FALSE">
            <std_id>143</std_id>
            <support_level>1</support_level>
            <ChannelTypeNumber>143</ChannelTypeNumber>
            <std_xcvr_id>143</std_xcvr_id>
            <estimatedTransactionTime>6</estimatedTransactionTime>
            <defaultRetryCount>3</defaultRetryCount>
            <usesAlternatePath>false</usesAlternatePath>
            <Timing>
                <rcv_start_delay>10</rcv_start_delay>
                <rcv_end_delay>0</rcv_end_delay>
                <indeterm_time>0</indeterm_time>
                <min_interpkt>0</min_interpkt>
                <preamble>10</preamble>
                <turnaround>0</turnaround>
                <missed_pream>0</missed_pream>
                <packet_qual>40</packet_qual>
            </Timing>
            <Channel>
                <comm_mode>1</comm_mode>
                <osc_accuracy>200</osc_accuracy>
                <osc_wakeup>0</osc_wakeup>
                <comm_rate>1</comm_rate>
                <max_priority>0</max_priority>
                <default_priority_slots>0</default_priority_slots>
                <min_clockID>5</min_clockID>
                <max_clockID>32767</max_clockID>
                <avg_pkt_size>15</avg_pkt_size>
                <flags>0x2</flags>
            </Channel>
            <ModeSpec>
                <chan_bit_rate>625000</chan_bit_rate>
                <alt_rate_tag>0</alt_rate_tag>
                <xcvr_cntrls_pream>0</xcvr_cntrls_pream>
                <wakeup_pin_dir>0</wakeup_pin_dir>
                <xcvr_gp_data>0x00000000000000</xcvr_gp_data>
                <allow_node_override>0</allow_node_override>
                <standard_threshold>"FALSE"</standard_threshold>
            </ModeSpec>
            <std_xcvr_data>
                <std_xcvr_clock_id>5</std_xcvr_clock_id>
                <std_xcvr_raw_comm_parms>0DAE01040000010000000C0000000000</std_xcvr_raw_comm_parms>
            </std_xcvr_data>
        </Transceiver>
        <Transceiver LonMarkApproved="FALSE" Name="DC33-1250" UsesNeuronComPort="TRUE" SupportAlternateClockRates="FALSE" SignalStrengthIndicator="FALSE">
            <std_id>144</std_id>
            <support_level>1</support_level>
            <ChannelTypeNumber>144</ChannelTypeNumber>
            <std_xcvr_id>144</std_xcvr_id>
            <estimatedTransactionTime>4</estimatedTransactionTime>
            <defaultRetryCount>3</defaultRetryCount>
            <usesAlternatePath>false</usesAlternatePath>
            <Timing>
                <rcv_start_delay>10</rcv_start_delay>
                <rcv_end_delay>0</rcv_end_delay>
                <indeterm_time>0</indeterm_time>
                <min_interpkt>0</min_interpkt>
                <preamble>10</preamble>
                <turnaround>0</turnaround>
                <missed_pream>0</missed_pream>
                <packet_qual>40</packet_qual>
            </Timing>
            <Channel>
                <comm_mode>1</comm_mode>
                <osc_accuracy>200</osc_accuracy>
                <osc_wakeup>0</osc_wakeup>
                <comm_rate>0</comm_rate>
                <max_priority>0</max_priority>
                <default_priority_slots>0</default_priority_slots>
                <min_clockID>5</min_clockID>
                <max_clockID>32767</max_clockID>
                <avg_pkt_size>15</avg_pkt_size>
                <flags>0x2</flags>
            </Channel>
            <ModeSpec>
                <chan_bit_rate>1250000</chan_bit_rate>
                <alt_rate_tag>0</alt_rate_tag>
                <xcvr_cntrls_pream>0</xcvr_cntrls_pream>
                <wakeup_pin_dir>0</wakeup_pin_dir>
                <xcvr_gp_data>0x00000000000000</xcvr_gp_data>
                <allow_node_override>0</allow_node_override>
                <standard_threshold>"FALSE"</standard_threshold>
            </ModeSpec>
            <std_xcvr_data>
                <std_xcvr_clock_id>5</std_xcvr_clock_id>
                <std_xcvr_raw_comm_parms>05AE0104000000000000040000000000</std_xcvr_raw_comm_parms>
            </std_xcvr_data>
            </Transceiver>
        <Transceiver LonMarkApproved="FALSE" Name="DC-1250/SECD" UsesNeuronComPort="TRUE" SupportAlternateClockRates="FALSE" SignalStrengthIndicator="FALSE">
            <std_id>145</std_id>
            <support_level>1</support_level>
            <ChannelTypeNumber>145</ChannelTypeNumber>
            <std_xcvr_id>145</std_xcvr_id>
            <estimatedTransactionTime>4</estimatedTransactionTime>
            <defaultRetryCount>3</defaultRetryCount>
            <usesAlternatePath>false</usesAlternatePath>
            <Timing>
                <rcv_start_delay>10</rcv_start_delay>
                <rcv_end_delay>0</rcv_end_delay>
                <indeterm_time>0</indeterm_time>
                <min_interpkt>0</min_interpkt>
                <preamble>10</preamble>
                <turnaround>0</turnaround>
                <missed_pream>0</missed_pream>
                <packet_qual>40</packet_qual>
            </Timing>
            <Channel>
                <comm_mode>0</comm_mode>
                <osc_accuracy>200</osc_accuracy>
                <osc_wakeup>0</osc_wakeup>
                <comm_rate>0</comm_rate>
                <max_priority>0</max_priority>
                <default_priority_slots>0</default_priority_slots>
                <min_clockID>5</min_clockID>
                <max_clockID>32767</max_clockID>
                <avg_pkt_size>15</avg_pkt_size>
                <flags>0x2</flags>
            </Channel>
            <ModeSpec>
                <chan_bit_rate>1250000</chan_bit_rate>
                <alt_rate_tag>0</alt_rate_tag>
                <xcvr_cntrls_pream>0</xcvr_cntrls_pream>
                <wakeup_pin_dir>0</wakeup_pin_dir>
                <xcvr_gp_data>0x80030000000000</xcvr_gp_data>
                <allow_node_override>0</allow_node_override>
                <standard_threshold>"TRUE"</standard_threshold>
            </ModeSpec>
            <std_xcvr_data>
                <std_xcvr_clock_id>6</std_xcvr_clock_id>
                <std_xcvr_raw_comm_parms>0E2E0F08020E0F000080030000000000</std_xcvr_raw_comm_parms>
            </std_xcvr_data>
        </Transceiver>
        <Transceiver LonMarkApproved="FALSE" Name="DC-2500/SECD" UsesNeuronComPort="TRUE" SupportAlternateClockRates="FALSE" SignalStrengthIndicator="FALSE">
            <std_id>146</std_id>
            <support_level>1</support_level>
            <ChannelTypeNumber>146</ChannelTypeNumber>
            <std_xcvr_id>146</std_xcvr_id>
            <estimatedTransactionTime>4</estimatedTransactionTime>
            <defaultRetryCount>3</defaultRetryCount>
            <usesAlternatePath>false</usesAlternatePath>
            <Timing>
                <rcv_start_delay>10</rcv_start_delay>
                <rcv_end_delay>0</rcv_end_delay>
                <indeterm_time>0</indeterm_time>
                <min_interpkt>0</min_interpkt>
                <preamble>10</preamble>
                <turnaround>0</turnaround>
                <missed_pream>0</missed_pream>
                <packet_qual>40</packet_qual>
            </Timing>
            <Channel>
                <comm_mode>0</comm_mode>
                <osc_accuracy>200</osc_accuracy>
                <osc_wakeup>0</osc_wakeup>
                <comm_rate>-1</comm_rate>
                <max_priority>0</max_priority>
                <default_priority_slots>0</default_priority_slots>
                <min_clockID>6</min_clockID>
                <max_clockID>32767</max_clockID>
                <avg_pkt_size>15</avg_pkt_size>
                <flags>0x2</flags>
            </Channel>
            <ModeSpec>
                <chan_bit_rate>2500000</chan_bit_rate>
                <alt_rate_tag>0</alt_rate_tag>
                <xcvr_cntrls_pream>0</xcvr_cntrls_pream>
                <wakeup_pin_dir>0</wakeup_pin_dir>
                <xcvr_gp_data>0x80030000000000</xcvr_gp_data>
                <allow_node_override>0</allow_node_override>
                <standard_threshold>"TRUE"</standard_threshold>
            </ModeSpec>
            <std_xcvr_data>
                <std_xcvr_clock_id>6</std_xcvr_clock_id>
                <std_xcvr_raw_comm_parms>062E0404000000000080030000000000</std_xcvr_raw_comm_parms>
            </std_xcvr_data>
        </Transceiver>
        <Transceiver LonMarkApproved="FALSE" Name="Pyxos-FT" UsesNeuronComPort="FALSE" SupportAlternateClockRates="FALSE" SignalStrengthIndicator="FALSE">
            <std_id>254</std_id>
            <support_level>1</support_level>
            <ChannelTypeNumber>254</ChannelTypeNumber>
            <std_xcvr_id>254</std_xcvr_id>
            <Timing>
                <rcv_start_delay>0</rcv_start_delay>
                <rcv_end_delay>0</rcv_end_delay>
                <indeterm_time>0</indeterm_time>
                <min_interpkt>0</min_interpkt>
                <preamble>10</preamble>
                <turnaround>0</turnaround>
                <missed_pream>0</missed_pream>
                <packet_qual>0</packet_qual>
            </Timing>
            <Channel>
                <comm_mode>1</comm_mode>
                <osc_accuracy>0</osc_accuracy>
                <osc_wakeup>0</osc_wakeup>
                <comm_rate>0</comm_rate>
                <max_priority>0</max_priority>
                <default_priority_slots>0</default_priority_slots>
                <min_clockID>0</min_clockID>
                <max_clockID>0</max_clockID>
                <avg_pkt_size>10</avg_pkt_size>
                <flags>0x0</flags>
            </Channel>
            <ModeSpec>
                <chan_bit_rate>3155000</chan_bit_rate>
                <alt_rate_tag>0</alt_rate_tag>
                <xcvr_cntrls_pream>0</xcvr_cntrls_pream>
                <wakeup_pin_dir>0</wakeup_pin_dir>
                <xcvr_gp_data>0x00000000000000</xcvr_gp_data>
                <allow_node_override>0</allow_node_override>
                <standard_threshold>"TRUE"</standard_threshold>
            </ModeSpec>
        </Transceiver>
        <Transceiver LonMarkApproved="FALSE" Name="RF-15-4" UsesNeuronComPort="FALSE" SupportAlternateClockRates="FALSE" SignalStrengthIndicator="FALSE">
            <std_id>137</std_id>
            <support_level>1</support_level>
            <ChannelTypeNumber>137</ChannelTypeNumber>
            <std_xcvr_id>137</std_xcvr_id>
            <estimatedTransactionTime>4</estimatedTransactionTime>
            <defaultRetryCount>3</defaultRetryCount>
            <usesAlternatePath>false</usesAlternatePath>
            <Timing>
                <rcv_start_delay>10</rcv_start_delay>
                <rcv_end_delay>0</rcv_end_delay>
                <indeterm_time>0</indeterm_time>
                <min_interpkt>0</min_interpkt>
                <preamble>10</preamble>
                <turnaround>0</turnaround>
                <missed_pream>0</missed_pream>
                <packet_qual>40</packet_qual>
            </Timing>
            <Channel>
                <comm_mode>1</comm_mode>
                <osc_accuracy>200</osc_accuracy>
                <osc_wakeup>0</osc_wakeup>
                <comm_rate>0</comm_rate>
                <max_priority>0</max_priority>
                <default_priority_slots>0</default_priority_slots>
                <min_clockID>5</min_clockID>
                <max_clockID>32767</max_clockID>
                <avg_pkt_size>15</avg_pkt_size>
                <flags>0x2</flags>
            </Channel>
            <ModeSpec>
                <chan_bit_rate>1000000</chan_bit_rate>
                <alt_rate_tag>0</alt_rate_tag>
                <xcvr_cntrls_pream>0</xcvr_cntrls_pream>
                <wakeup_pin_dir>0</wakeup_pin_dir>
                <xcvr_gp_data>0x00000000000000</xcvr_gp_data>
                <allow_node_override>0</allow_node_override>
                <standard_threshold>"FALSE"</standard_threshold>
            </ModeSpec>
            <std_xcvr_data>
                <std_xcvr_clock_id>5</std_xcvr_clock_id>
                <std_xcvr_raw_comm_parms>05AE0108000000000000040000000000</std_xcvr_raw_comm_parms>
            </std_xcvr_data>
        </Transceiver>
        <Transceiver LonMarkApproved="FALSE" Name="MFT-1000" UsesNeuronComPort="TRUE" SupportAlternateClockRates="FALSE" SignalStrengthIndicator="FALSE">
            <std_id>136</std_id>
            <support_level>1</support_level>
            <ChannelTypeNumber>136</ChannelTypeNumber>
            <std_xcvr_id>136</std_xcvr_id>
            <estimatedTransactionTime>4</estimatedTransactionTime>
            <defaultRetryCount>3</defaultRetryCount>
            <usesAlternatePath>false</usesAlternatePath>
            <SchedulerMode>1</SchedulerMode>
            <Timing>
                <rcv_start_delay>0</rcv_start_delay>
                <rcv_end_delay>0</rcv_end_delay>
                <indeterm_time>0</indeterm_time>
                <min_interpkt>0</min_interpkt>
                <preamble>0</preamble>
                <turnaround>0</turnaround>
                <missed_pream>0</missed_pream>
                <packet_qual>0</packet_qual>
            </Timing>
            <Channel>
                <comm_mode>2</comm_mode>
                <osc_accuracy>30</osc_accuracy>
                <osc_wakeup>0</osc_wakeup>
                <comm_rate>0</comm_rate>
                <max_priority>0</max_priority>
                <default_priority_slots>0</default_priority_slots>
                <min_clockID>5</min_clockID>
                <max_clockID>32767</max_clockID>
                <avg_pkt_size>340</avg_pkt_size>
                <flags>0x2</flags>
            </Channel>
            <ModeSpec>
                <chan_bit_rate>971223</chan_bit_rate>
                <alt_rate_tag>0</alt_rate_tag>
                <xcvr_cntrls_pream>1</xcvr_cntrls_pream>
                <wakeup_pin_dir>0</wakeup_pin_dir>
                <xcvr_gp_data>0x00000000000000</xcvr_gp_data>
                <allow_node_override>0</allow_node_override>
                <standard_threshold>"FALSE"</standard_threshold>
            </ModeSpec>
            <std_xcvr_data>
                <std_xcvr_clock_id>7</std_xcvr_clock_id>
                <std_xcvr_raw_comm_parms>214E0000000000000000000000000000</std_xcvr_raw_comm_parms>
            </std_xcvr_data>
        </Transceiver>
        <Transceiver LonMarkApproved="FALSE" Name="PL-70" UsesNeuronComPort="TRUE" SupportAlternateClockRates="FALSE" SignalStrengthIndicator="FALSE">
            <std_id>135</std_id>
            <support_level>1</support_level>
            <ChannelTypeNumber>135</ChannelTypeNumber>
            <std_xcvr_id>135</std_xcvr_id>
            <estimatedTransactionTime>4</estimatedTransactionTime>
            <defaultRetryCount>3</defaultRetryCount>
            <usesAlternatePath>false</usesAlternatePath>
            <SchedulerMode>1</SchedulerMode>
            <Timing>
                <rcv_start_delay>0</rcv_start_delay>
                <rcv_end_delay>0</rcv_end_delay>
                <indeterm_time>0</indeterm_time>
                <min_interpkt>0</min_interpkt>
                <preamble>0</preamble>
                <turnaround>0</turnaround>
                <missed_pream>0</missed_pream>
                <packet_qual>0</packet_qual>
            </Timing>
            <Channel>
                <comm_mode>2</comm_mode>
                <osc_accuracy>30</osc_accuracy>
                <osc_wakeup>0</osc_wakeup>
                <comm_rate>0</comm_rate>
                <max_priority>0</max_priority>
                <default_priority_slots>0</default_priority_slots>
                <min_clockID>5</min_clockID>
                <max_clockID>32767</max_clockID>
                <avg_pkt_size>125</avg_pkt_size>
                <flags>0x2</flags>
            </Channel>
            <ModeSpec>
                <chan_bit_rate>50600</chan_bit_rate>
                <alt_rate_tag>0</alt_rate_tag>
                <xcvr_cntrls_pream>1</xcvr_cntrls_pream>
                <wakeup_pin_dir>0</wakeup_pin_dir>
                <xcvr_gp_data>0x00000000000000</xcvr_gp_data>
                <allow_node_override>0</allow_node_override>
                <standard_threshold>"FALSE"</standard_threshold>
            </ModeSpec>
            <std_xcvr_data>
                <std_xcvr_clock_id>7</std_xcvr_clock_id>
                <std_xcvr_raw_comm_parms>214E0000000000000000000000000000</std_xcvr_raw_comm_parms>
            </std_xcvr_data>
        </Transceiver>
        <Transceiver LonMarkApproved="FALSE" Name="PL-70J" UsesNeuronComPort="TRUE" SupportAlternateClockRates="FALSE" SignalStrengthIndicator="FALSE">
            <std_id>134</std_id>
            <support_level>1</support_level>
            <ChannelTypeNumber>134</ChannelTypeNumber>
            <std_xcvr_id>134</std_xcvr_id>
            <estimatedTransactionTime>4</estimatedTransactionTime>
            <defaultRetryCount>3</defaultRetryCount>
            <usesAlternatePath>false</usesAlternatePath>
            <SchedulerMode>1</SchedulerMode>
            <Timing>
                <rcv_start_delay>0</rcv_start_delay>
                <rcv_end_delay>0</rcv_end_delay>
                <indeterm_time>0</indeterm_time>
                <min_interpkt>0</min_interpkt>
                <preamble>0</preamble>
                <turnaround>0</turnaround>
                <missed_pream>0</missed_pream>
                <packet_qual>0</packet_qual>
            </Timing>
            <Channel>
                <comm_mode>2</comm_mode>
                <osc_accuracy>30</osc_accuracy>
                <osc_wakeup>0</osc_wakeup>
                <comm_rate>0</comm_rate>
                <max_priority>0</max_priority>
                <default_priority_slots>0</default_priority_slots>
                <min_clockID>5</min_clockID>
                <max_clockID>32767</max_clockID>
                <avg_pkt_size>125</avg_pkt_size>
                <flags>0x2</flags>
            </Channel>
            <ModeSpec>
                <chan_bit_rate>50600</chan_bit_rate>
                <alt_rate_tag>0</alt_rate_tag>
                <xcvr_cntrls_pream>1</xcvr_cntrls_pream>
                <wakeup_pin_dir>0</wakeup_pin_dir>
                <xcvr_gp_data>0x00000000000000</xcvr_gp_data>
                <allow_node_override>0</allow_node_override>
                <standard_threshold>"FALSE"</standard_threshold>
            </ModeSpec>
            <std_xcvr_data>
                <std_xcvr_clock_id>7</std_xcvr_clock_id>
                <std_xcvr_raw_comm_parms>214E0000000000000000000000000000</std_xcvr_raw_comm_parms>
            </std_xcvr_data>
        </Transceiver>
        <Transceiver LonMarkApproved="FALSE" Name="IP-70" UsesNeuronComPort="FALSE" SupportAlternateClockRates="FALSE" SignalStrengthIndicator="FALSE">
            <std_id>133</std_id>
            <support_level>1</support_level>
            <ChannelTypeNumber>133</ChannelTypeNumber>
            <std_xcvr_id>133</std_xcvr_id>
            <estimatedTransactionTime>4</estimatedTransactionTime>
            <defaultRetryCount>3</defaultRetryCount>
            <usesAlternatePath>false</usesAlternatePath>
            <Timing>
                <rcv_start_delay>10</rcv_start_delay>
                <rcv_end_delay>0</rcv_end_delay>
                <indeterm_time>0</indeterm_time>
                <min_interpkt>0</min_interpkt>
                <preamble>10</preamble>
                <turnaround>0</turnaround>
                <missed_pream>0</missed_pream>
                <packet_qual>40</packet_qual>
            </Timing>
            <Channel>
                <comm_mode>1</comm_mode>
                <osc_accuracy>200</osc_accuracy>
                <osc_wakeup>0</osc_wakeup>
                <comm_rate>0</comm_rate>
                <max_priority>0</max_priority>
                <default_priority_slots>0</default_priority_slots>
                <min_clockID>5</min_clockID>
                <max_clockID>32767</max_clockID>
                <avg_pkt_size>15</avg_pkt_size>
                <flags>0x2</flags>
            </Channel>
            <ModeSpec>
                <chan_bit_rate>10000000</chan_bit_rate>
                <alt_rate_tag>0</alt_rate_tag>
                <xcvr_cntrls_pream>0</xcvr_cntrls_pream>
                <wakeup_pin_dir>0</wakeup_pin_dir>
                <xcvr_gp_data>0x00000000000000</xcvr_gp_data>
                <allow_node_override>0</allow_node_override>
                <standard_threshold>"FALSE"</standard_threshold>
            </ModeSpec>
            <std_xcvr_data>
                <std_xcvr_clock_id>5</std_xcvr_clock_id>
                <std_xcvr_raw_comm_parms>05AE0108000000000000040000000000</std_xcvr_raw_comm_parms>
            </std_xcvr_data>
        </Transceiver>
    </Transceivers>
</StdXcvr>
